{"bubble.py": [[[1000], "0.1890001297"], [[1500], "0.302000045776"], [[2000], "0.483999967575"]], "cuentas.py": [[[1000], "0.0939998626709"], [[1500], "0.0929999351501"], [[2000], "0.0939998626709"]], "pos.py": [[[1000], "0.141000032425"], [[1500], "0.171999931335"], [[2000], "0.25"]], "insertion.py": [[[1000], "0.110000133514"], [[1500], "0.140000104904"], [[2000], "0.18700003624"]], "bubble_bidireccional.py": [[[1000], "0.156000137329"], [[1500], "0.218999862671"], [[2000], "0.354000091553"]], "gnome.py": [[[1000], "0.266000032425"], [[1500], "0.530999898911"], [[2000], "0.861999988556"]]}