{"bubble.py": [[[100], "0.0939998626709"], [[400], "0.109000205994"], [[700], "0.108999967575"]], "cuentas.py": [[[100], "0.0939998626709"], [[400], "0.0810000896454"], [[700], "0.077999830246"]], "pos.py": [[[100], "0.0929999351501"], [[400], "0.0940001010895"], [[700], "0.108999967575"]], "insertion.py": [[[100], "0.0780000686646"], [[400], "0.0939998626709"], [[700], "0.101999998093"]], "bubble_bidireccional.py": [[[100], "0.0930001735687"], [[400], "0.0940001010895"], [[700], "0.116999864578"]], "gnome.py": [[[100], "0.0780000686646"], [[400], "0.125"], [[700], "0.18700003624"]]}