{"racket-factorial-aux.rkt": [[[5000], "0.424000024796"], [[10000], "0.50200009346"], [[15000], "0.707000017166"], [[20000], "1.02900004387"], [[25000], "1.40700006485"], [[30000], "1.8599998951"], [[35000], "2.27699995041"], [[40000], "3.22399997711"], [[45000], "4.61400008202"], [[50000], "5.86199998856"], [[55000], "7.56699991226"], [[60000], "8.45900011063"], [[65000], "11.0300002098"], [[70000], "12.2799999714"], [[75000], "15.010999918"], [[80000], "17.2019999027"], [[85000], "18.9929997921"], [[90000], "21.8259999752"], [[95000], "24.0690000057"], [[100000], "27.4159998894"]], "racket-factorial-tail.rkt": [[[5000], "0.403000116348"], [[10000], "0.486999988556"], [[15000], "0.729000091553"], [[20000], "0.97000002861"], [[25000], "1.45200014114"], [[30000], "1.6859998703"], [[35000], "2.2009999752"], [[40000], "3.08500003815"], [[45000], "4.02399992943"], [[50000], "5.25"], [[55000], "6.75100016594"], [[60000], "8.30799984932"], [[65000], "9.86899995804"], [[70000], "11.6790001392"], [[75000], "13.1809999943"], [[80000], "15.853000164"], [[85000], "16.6130001545"], [[90000], "19.7100000381"], [[95000], "22.6050000191"], [[100000], "25.2769999504"]], "python-factorial.py": [[[5000], "0.121999979019"], [[10000], "0.223000049591"], [[15000], "0.419999837875"], [[20000], "0.673999786377"], [[25000], "1.0759999752"], [[30000], "1.56100010872"], [[35000], "2.14100003242"], [[40000], "3.20199990273"], [[45000], "4.13499999046"], [[50000], "5.36500000954"], [[55000], "6.69900012016"], [[60000], "8.21500015259"], [[65000], "9.62799978256"], [[70000], "11.3989999294"], [[75000], "13.5770001411"], [[80000], "15.4230000973"], [[85000], "17.5650000572"], [[90000], "19.756000042"], [[95000], "22.3359999657"], [[100000], "25.132999897"]], "java-factorial.jar": [[[5000], "0.196999788284"], [[10000], "0.227999925613"], [[15000], "0.296000003815"], [[20000], "0.375"], [[25000], "0.452000141144"], [[30000], "0.608999967575"], [[35000], "0.724999904633"], [[40000], "0.871999979019"], [[45000], "1.15999984741"], [[50000], "1.3180000782"], [[55000], "1.61199998856"], [[60000], "1.85500001907"], [[65000], "2.03700017929"], [[70000], "2.11199998856"], [[75000], "2.60800004005"], [[80000], "2.5569999218"], [[85000], "3.07899999619"], [[90000], "3.18799996376"], [[95000], "3.40899991989"], [[100000], "4.29500007629"]], "clojure-factorial.jar": [[[5000], "0.678000211716"], [[10000], "0.726999998093"], [[15000], "0.802999973297"], [[20000], "0.923000097275"], [[25000], "1.01900005341"], [[30000], "1.15499997139"], [[35000], "1.26800012589"], [[40000], "1.45600008965"], [[45000], "1.60000014305"], [[50000], "2.26699995995"], [[55000], "2.02300000191"], [[60000], "2.35199999809"], [[65000], "2.65299987793"], [[70000], "3.07899999619"], [[75000], "3.16700005531"], [[80000], "3.23799991608"], [[85000], "3.97500014305"], [[90000], "3.7460000515"], [[95000], "4.16400003433"], [[100000], "5.00999999046"]]}