{"racket-factorial-aux.rkt": [[[110000], "31.495000124"]], "racket-factorial-tail.rkt": [[[110000], "28.7739999294"]], "python-factorial.py": [[[110000], "30.0700001717"]], "java-factorial.jar": [[[110000], "4.367000103"]], "clojure-factorial.jar": [[[110000], "4.95399999619"]]}